"","code","airport_name.y","city","country","lat","lon","timezone"
"1","AAL","Aalborg Airport","Aalborg","Denmark",57.0927589138,9.84924316406,"Europe/Copenhagen"
"2","AAN","Al Ain International Airport","Al Ain","United Arab Emirates",24.2616996765137,55.6091995239258,"Asia/Dubai"
"3","AAR","Aarhus Airport","Aarhus","Denmark",56.2999992371,10.6190004349,"Europe/Copenhagen"
"4","ABQ","Albuquerque International Sunport Airport","Albuquerque","United States",35.0401992797852,-106.609001159668,"America/Denver"
"5","ABX","Albury Airport","Albury","Australia",-36.067798614502,146.957992553711,"Australia/Sydney"
"6","ABZ","Aberdeen Dyce Airport","Aberdeen","United Kingdom",57.2019004821777,-2.19777989387512,"Europe/London"
"7","ACE","Lanzarote Airport","Arrecife","Spain",28.945499420166,-13.6051998138428,"Atlantic/Canary"
"8","ADD","Addis Ababa Bole International Airport","Addis Ababa","Ethiopia",8.97789001465,38.7993011475,"Africa/Addis_Ababa"
"9","ADE","Aden International Airport","Aden","Yemen",12.8295001983643,45.0288009643555,"Asia/Aden"
"10","ADL","Adelaide International Airport","Adelaide","Australia",-34.9449996948242,138.531005859375,"Australia/Adelaide"
"11","AER","Sochi International Airport","Sochi","Russia",43.449901580811,39.956600189209,"Europe/Moscow"
"12","AGA","Al Massira Airport","Agadir","Morocco",30.3250007629395,-9.41306972503662,"Africa/Casablanca"
"13","AGH","Ängelholm-Helsingborg Airport","Ängelholm","Sweden",56.2961006164551,12.8471002578735,"Europe/Stockholm"
"14","AGP","Málaga Airport","Malaga","Spain",36.6749000549316,-4.49911022186279,"Europe/Madrid"
"15","AKJ","Asahikawa Airport","Asahikawa","Japan",43.6707992553711,142.447006225586,"Asia/Tokyo"
"16","AKL","Auckland International Airport","Auckland","New Zealand",-37.0080986023,174.792007446,"Pacific/Auckland"
"17","ALA","Almaty Airport","Alma-ata","Kazakhstan",43.3521003723145,77.0404968261719,"Asia/Qyzylorda"
"18","ALC","Alicante International Airport","Alicante","Spain",38.2821998596191,-0.55815601348877,"Europe/Madrid"
"19","ALG","Houari Boumediene Airport","Algier","Algeria",36.6910018920898,3.21540999412537,"Africa/Algiers"
"20","ALP","Aleppo International Airport","Aleppo","Syria",36.1806983947754,37.2243995666504,"Asia/Damascus"
"21","ALY","El Nouzha Airport","Alexandria","Egypt",31.1839008331299,29.9489002227783,"Africa/Cairo"
"22","AMD","Sardar Vallabhbhai Patel International Airport","Ahmedabad","India",23.0771999359,72.6346969604,"Asia/Calcutta"
"23","AMM","Queen Alia International Airport","Amman","Jordan",31.7226009369,35.9931983948,"Asia/Amman"
"24","AMS","Amsterdam Airport Schiphol","Amsterdam","Netherlands",52.3086013794,4.76388978958,"Europe/Amsterdam"
"25","ANC","Ted Stevens Anchorage International Airport","Anchorage","United States",61.1744003295898,-149.996002197266,"America/Anchorage"
"26","ANF","Cerro Moreno Airport","Antofagasta","Chile",-23.4444999694824,-70.4450988769531,"America/Santiago"
"27","AOJ","Aomori Airport","Aomori","Japan",40.7346992492676,140.690994262695,"Asia/Tokyo"
"28","AOK","Karpathos Airport","Karpathos","Greece",35.4213981628418,27.1459999084473,"Europe/Athens"
"29","AQJ","Aqaba King Hussein International Airport","Aqaba","Jordan",29.6116008758545,35.0181007385254,"Asia/Amman"
"30","AQP","Rodríguez Ballón International Airport","Arequipa","Peru",-16.3411006927,-71.5830993652,"America/Lima"
"31","ARI","Chacalluta Airport","Arica","Chile",-18.3484992980957,-70.3386993408203,"America/Santiago"
"32","ARM","Armidale Airport","Armidale","Australia",-30.5280990601,151.617004395,"Australia/Sydney"
"33","ARN","Stockholm-Arlanda Airport","Stockholm","Sweden",59.651901245117,17.918600082397,"Europe/Stockholm"
"34","ASB","Ashgabat Airport","Ashkhabad","Turkmenistan",37.9868011474609,58.3610000610352,"Asia/Ashgabat"
"35","ASJ","Amami Airport","Amami","Japan",28.4305992126465,129.712997436523,"Asia/Tokyo"
"36","ASP","Alice Springs Airport","Alice Springs","Australia",-23.8066997528076,133.901992797852,"Australia/Darwin"
"37","ASU","Silvio Pettirossi International Airport","Asuncion","Paraguay",-25.2399997711182,-57.5200004577637,"America/Asuncion"
"38","ATH","Eleftherios Venizelos International Airport","Athens","Greece",37.9364013672,23.9444999695,"Europe/Athens"
"39","ATL","Hartsfield Jackson Atlanta International Airport","Atlanta","United States",33.6366996765137,-84.4281005859375,"America/New_York"
"40","ATQ","Sri Guru Ram Dass Jee International Airport","Amritsar","India",31.7096004486,74.7973022461,"Asia/Calcutta"
"41","AUA","Queen Beatrix International Airport","Oranjestad","Aruba",12.5013999938965,-70.0151977539062,"America/Aruba"
"42","AUH","Abu Dhabi International Airport","Abu Dhabi","United Arab Emirates",24.4330005645752,54.6511001586914,"Asia/Dubai"
"43","AUS","Austin Bergstrom International Airport","Austin","United States",30.1944999694824,-97.6698989868164,"America/Chicago"
"44","AXT","Akita Airport","Akita","Japan",39.6156005859375,140.218994140625,"Asia/Tokyo"
"45","AYQ","Ayers Rock Connellan Airport","Uluru","Australia",-25.1861,130.975998,"Australia/Darwin"
"46","AYT","Antalya International Airport","Antalya","Turkey",36.898701,30.800501,"Europe/Istanbul"
"47","BAH","Bahrain International Airport","Bahrain","Bahrain",26.2707996368408,50.6335983276367,"Asia/Bahrain"
"48","BBA","Balmaceda Airport","Balmaceda","Chile",-45.9160995483398,-71.6894989013672,"America/Santiago"
"49","BBI","Biju Patnaik Airport","Bhubaneswar","India",20.2444000244,85.8178024292,"Asia/Calcutta"
"50","BCN","Barcelona International Airport","Barcelona","Spain",41.297100067139,2.0784599781036,"Europe/Madrid"
"51","BDA","L.F. Wade International International Airport","Bermuda","Bermuda",32.3639984130859,-64.6787033081055,"Atlantic/Bermuda"
"52","BDL","Bradley International Airport","Windsor Locks","United States",41.9388999939,-72.6831970215,"America/New_York"
"53","BDQ","Vadodara Airport","Baroda","India",22.3362007141,73.2263031006,"Asia/Calcutta"
"54","BEG","Belgrade Nikola Tesla Airport","Belgrade","Serbia",44.8184013367,20.3090991974,"Europe/Belgrade"
"55","BES","Brest Bretagne Airport","Brest","France",48.4478988647461,-4.41854000091553,"Europe/Paris"
"56","BEY","Beirut Rafic Hariri International Airport","Beirut","Lebanon",33.8208999633789,35.4883995056152,"Asia/Beirut"
"57","BFS","Belfast International Airport","Belfast","United Kingdom",54.6575012207,-6.21582984924,"Europe/London"
"58","BGO","Bergen Airport Flesland","Bergen","Norway",60.29339981,5.218140125,"Europe/Oslo"
"59","BHD","George Best Belfast City Airport","Belfast","United Kingdom",54.6180992126465,-5.87249994277954,"Europe/London"
"60","BHM","Birmingham-Shuttlesworth International Airport","Birmingham","United States",33.56290054,-86.75350189,"America/Chicago"
"61","BHO","Raja Bhoj International Airport","Bhopal","India",23.2875003815,77.3374023438,"Asia/Calcutta"
"62","BHX","Birmingham International Airport","Birmingham","United Kingdom",52.4538993835,-1.74802994728,"Europe/London"
"63","BIO","Bilbao Airport","Bilbao","Spain",43.3011016845703,-2.91060996055603,"Europe/Madrid"
"64","BIQ","Biarritz-Anglet-Bayonne Airport","Biarritz-bayonne","France",43.4683333,-1.5311111,"Europe/Paris"
"65","BJX","Del Bajío International Airport","Del Bajio","Mexico",20.9934997559,-101.481002808,"America/Mexico_City"
"66","BKI","Kota Kinabalu International Airport","Kota Kinabalu","Malaysia",5.93721008300781,116.051002502441,"Asia/Kuala_Lumpur"
"67","BKK","Suvarnabhumi Airport","Bangkok","Thailand",13.6810998916626,100.747001647949,"Asia/Bangkok"
"68","BKQ","Blackall Airport","Blackall","Australia",-24.4277992249,145.429000854,"Australia/Brisbane"
"69","BLL","Billund Airport","Billund","Denmark",55.7402992249,9.15178012848,"Europe/Copenhagen"
"70","BLQ","Bologna Guglielmo Marconi Airport","Bologna","Italy",44.5354,11.2887,"Europe/Rome"
"71","BLR","Kempegowda International Airport","Bangalore","India",13.1979,77.706299,"Asia/Calcutta"
"72","BLT","Blackwater Airport","Blackwater","Australia",-23.603099822998,148.807006835938,"Australia/Brisbane"
"73","BMA","Stockholm-Bromma Airport","Stockholm","Sweden",59.3544006347656,17.9416999816895,"Europe/Stockholm"
"74","BME","Broome International Airport","Broome","Australia",-17.9447002410889,122.232002258301,"Australia/Perth"
"75","BNA","Nashville International Airport","Nashville","United States",36.1245002746582,-86.6781997680664,"America/Chicago"
"76","BNE","Brisbane International Airport","Brisbane","Australia",-27.3841991424561,153.117004394531,"Australia/Brisbane"
"77","BOD","Bordeaux-Mérignac Airport","Bordeaux","France",44.8283004761,-0.715556025505,"Europe/Paris"
"78","BOG","El Dorado International Airport","Bogota","Colombia",4.70159,-74.1469,"America/Bogota"
"79","BOJ","Burgas Airport","Bourgas","Bulgaria",42.5695991516113,27.5151996612549,"Europe/Sofia"
"80","BOM","Chhatrapati Shivaji International Airport","Mumbai","India",19.0886993408,72.8678970337,"Asia/Calcutta"
"81","BOS","General Edward Lawrence Logan International Airport","Boston","United States",42.36429977,-71.00520325,"America/New_York"
"82","BRC","San Carlos De Bariloche Airport","San Carlos De Bariloche","Argentina",-41.1511993408,-71.1575012207,"America/Argentina/Salta"
"83","BRU","Brussels Airport","Brussels","Belgium",50.9014015198,4.48443984985,"Europe/Brussels"
"84","BUD","Budapest Ferenc Liszt International Airport","Budapest","Hungary",47.4369010925,19.2555999756,"Europe/Budapest"
"85","BWI","Baltimore/Washington International Thurgood Marshall Airport","Baltimore","United States",39.17539978,-76.66829681,"America/New_York"
"86","CAG","Cagliari Elmas Airport","Cagliari","Italy",39.251499,9.05428,"Europe/Rome"
"87","CAI","Cairo International Airport","Cairo","Egypt",30.1219005584717,31.4055995941162,"Africa/Cairo"
"88","CAN","Guangzhou Baiyun International Airport","Guangzhou","China",23.3924007415771,113.299003601074,"Asia/Shanghai"
"89","CAP","Cap Haitien International Airport","Cap Haitien","Haiti",19.7329998016357,-72.1947021484375,"America/Port-au-Prince"
"90","CBR","Canberra International Airport","Canberra","Australia",-35.3069000244141,149.195007324219,"Australia/Sydney"
"91","CCP","Carriel Sur Airport","Concepcion","Chile",-36.7727012634277,-73.063102722168,"America/Santiago"
"92","CCS","Simón Bolívar International Airport","Caracas","Venezuela",10.6031169891,-66.9905853271,"America/Caracas"
"93","CCU","Netaji Subhash Chandra Bose International Airport","Kolkata","India",22.6546993255615,88.4467010498047,"Asia/Calcutta"
"94","CDG","Charles de Gaulle International Airport","Paris","France",49.0127983093,2.54999995232,"Europe/Paris"
"95","CEB","Mactan Cebu International Airport","Cebu","Philippines",10.307499885559,123.97899627686,"Asia/Manila"
"96","CEI","Chiang Rai International Airport","Chiang Rai","Thailand",19.952299118,99.8828964233,"Asia/Bangkok"
"97","CFS","Coffs Harbour Airport","Coff's Harbour","Australia",-30.3206005096,153.115997314,"Australia/Sydney"
"98","CFU","Ioannis Kapodistrias International Airport","Kerkyra/corfu","Greece",39.6018981933594,19.9116992950439,"Europe/Athens"
"99","CGK","Soekarno-Hatta International Airport","Jakarta","Indonesia",-6.1255698204,106.65599823,"Asia/Jakarta"
"100","CGN","Cologne Bonn Airport","Cologne","Germany",50.8658981323,7.1427397728,"Europe/Berlin"
"101","CHC","Christchurch International Airport","Christchurch","New Zealand",-43.4893989562988,172.531997680664,"Pacific/Auckland"
"102","CHQ","Chania International Airport","Chania","Greece",35.5317001342773,24.1497001647949,"Europe/Athens"
"103","CIX","Capitan FAP Jose A Quinones Gonzales International Airport","Chiclayo","Peru",-6.78747987747192,-79.8281021118164,"America/Lima"
"104","CJC","El Loa Airport","Calama","Chile",-22.4981994628906,-68.9036026000977,"America/Santiago"
"105","CKG","Chongqing Jiangbei International Airport","Chongqing","China",29.7192001342773,106.641998291016,"Asia/Shanghai"
"106","CLE","Cleveland Hopkins International Airport","Cleveland","United States",41.4117012024,-81.8498001099,"America/New_York"
"107","CLQ","Licenciado Miguel de la Madrid Airport","Colima","Mexico",19.2770004272,-103.577003479,"America/Mexico_City"
"108","CLT","Charlotte Douglas International Airport","Charlotte","United States",35.2140007019043,-80.9430999755859,"America/New_York"
"109","CMB","Bandaranaike International Colombo Airport","Colombo","Sri Lanka",7.1807599067688,79.8841018676758,"Asia/Colombo"
"110","CMH","Port Columbus International Airport","Columbus","United States",39.9980010986328,-82.8918991088867,"America/New_York"
"111","CNS","Cairns International Airport","Cairns","Australia",-16.885799408,145.755004883,"Australia/Brisbane"
"112","CNX","Chiang Mai International Airport","Chiang Mai","Thailand",18.7667999268,98.962600708,"Asia/Bangkok"
"113","COK","Cochin International Airport","Kochi","India",10.1520004272,76.4019012451,"Asia/Calcutta"
"114","COR","Ingeniero Ambrosio Taravella Airport","Cordoba","Argentina",-31.323600769,-64.2080001831,"America/Cordoba"
"115","CPH","Copenhagen Kastrup Airport","Copenhagen","Denmark",55.617900848389,12.656000137329,"Europe/Copenhagen"
"116","CPO","Chamonate Airport","Copiapo","Chile",-27.2968997955,-70.4131011963,"America/Santiago"
"117","CPT","Cape Town International Airport","Cape Town","South Africa",-33.9648017883,18.6016998291,"Africa/Johannesburg"
"118","CSG","Columbus Metropolitan Airport","Columbus","United States",32.516300201416,-84.9389038085938,"America/New_York"
"119","CTA","Catania-Fontanarossa Airport","Catania","Italy",37.466801,15.0664,"Europe/Rome"
"120","CTM","Chetumal International Airport","Chetumal","Mexico",18.5046997070312,-88.3267974853516,"America/Cancun"
"121","CTU","Chengdu Shuangliu International Airport","Chengdu","China",30.5785007476807,103.946998596191,"Asia/Shanghai"
"122","CUL","Bachigualato Federal International Airport","Culiacan","Mexico",24.7644996643,-107.474998474,"America/Mazatlan"
"123","CUN","Cancún International Airport","Cancun","Mexico",21.0365009308,-86.8770980835,"America/Cancun"
"124","CUR","Hato International Airport","Willemstad","Netherlands Antilles",12.1889,-68.959801,"America/Curacao"
"125","CUZ","Alejandro Velasco Astete International Airport","Cuzco","Peru",-13.5356998444,-71.9387969971,"America/Lima"
"126","CVG","Cincinnati Northern Kentucky International Airport","Cincinnati","United States",39.0488014221,-84.6678009033,"America/New_York"
"127","CWL","Cardiff International Airport","Cardiff","United Kingdom",51.3967018127441,-3.34332990646362,"Europe/London"
"128","CZM","Cozumel International Airport","Cozumel","Mexico",20.5223999023438,-86.9255981445312,"America/Cancun"
"129","DAC","Dhaka / Hazrat Shahjalal International Airport","Dhaka","Bangladesh",23.843347,90.397783,"Asia/Dhaka"
"130","DAD","Da Nang International Airport","Danang","Vietnam",16.0438995361328,108.198997497559,"Asia/Saigon"
"131","DAM","Damascus International Airport","Damascus","Syria",33.4114990234375,36.5155982971191,"Asia/Damascus"
"132","DAR","Julius Nyerere International Airport","Dar Es Salaam","Tanzania",-6.87810993195,39.2025985718,"Africa/Dar_es_Salaam"
"133","DBO","Dubbo City Regional Airport","Dubbo","Australia",-32.2167015076,148.574996948,"Australia/Sydney"
"134","DBV","Dubrovnik Airport","Dubrovnik","Croatia",42.5614013671875,18.2681999206543,"Europe/Zagreb"
"135","DCA","Ronald Reagan Washington National Airport","Washington","United States",38.8521,-77.037697,"America/New_York"
"136","DED","Dehradun Airport","Dehra Dun","India",30.189699173,78.1802978516,"Asia/Calcutta"
"137","DEL","Indira Gandhi International Airport","Delhi","India",28.566499710083,77.1031036376953,"Asia/Calcutta"
"138","DEN","Denver International Airport","Denver","United States",39.861698150635,-104.672996521,"America/Denver"
"139","DFW","Dallas Fort Worth International Airport","Dallas-Fort Worth","United States",32.896800994873,-97.0380020141602,"America/Chicago"
"140","DLC","Zhoushuizi Airport","Dalian","China",38.9656982421875,121.539001464844,"Asia/Shanghai"
"141","DME","Domodedovo International Airport","Moscow","Russia",55.4087982177734,37.9062995910645,"Europe/Moscow"
"142","DMM","King Fahd International Airport","Dammam","Saudi Arabia",26.4712009429932,49.7979011535645,"Asia/Riyadh"
"143","DPS","Ngurah Rai (Bali) International Airport","Denpasar","Indonesia",-8.7481698989868,115.16699981689,"Asia/Makassar"
"144","DRW","Darwin International Airport","Darwin","Australia",-12.4146995544434,130.876998901367,"Australia/Darwin"
"145","DSA","Robin Hood Doncaster Sheffield Airport","Doncaster, Sheffield","United Kingdom",53.4805378105,-1.01065635681,"Europe/London"
"146","DSM","Des Moines International Airport","Des Moines","United States",41.5340003967285,-93.6631011962891,"America/Chicago"
"147","DTW","Detroit Metropolitan Wayne County Airport","Detroit","United States",42.2123985290527,-83.353401184082,"America/New_York"
"148","DUB","Dublin Airport","Dublin","Ireland",53.4212989807129,-6.27007007598877,"Europe/Dublin"
"149","DUR","King Shaka International Airport","Durban","South Africa",-29.6144444444,31.1197222222,"Africa/Johannesburg"
"150","DUS","Düsseldorf International Airport","Duesseldorf","Germany",51.2895011901855,6.76677989959717,"Europe/Berlin"
"151","DWC","Al Maktoum International Airport","Dubai","United Arab Emirates",24.896356,55.161389,"Asia/Dubai"
"152","DXB","Dubai International Airport","Dubai","United Arab Emirates",25.2527999878,55.3643989563,"Asia/Dubai"
"153","DYU","Dushanbe Airport","Dushanbe","Tajikistan",38.5433006287,68.8249969482,"Asia/Dushanbe"
"154","EAS","San Sebastian Airport","San Sebastian","Spain",43.3564987182617,-1.79060995578766,"Europe/Madrid"
"155","EDI","Edinburgh Airport","Edinburgh","United Kingdom",55.9500007629395,-3.37249994277954,"Europe/London"
"156","EIS","Terrance B. Lettsome International Airport","Tortola","British Virgin Islands",18.4447994232178,-64.5429992675781,"America/Tortola"
"157","ELH","North Eleuthera Airport","North Eleuthera","Bahamas",25.474899292,-76.6835021973,"America/Nassau"
"158","ELP","El Paso International Airport","El Paso","United States",31.80719948,-106.3779984,"America/Denver"
"159","EMD","Emerald Airport","Emerald","Australia",-23.5674991608,148.179000854,"Australia/Brisbane"
"160","ENF","Enontekio Airport","Enontekio","Finland",68.362602233887,23.424299240112,"Europe/Helsinki"
"161","EVN","Zvartnots International Airport","Yerevan","Armenia",40.1473007202,44.3959007263,"Asia/Yerevan"
"162","EWR","Newark Liberty International Airport","Newark","United States",40.6925010681152,-74.168701171875,"America/New_York"
"163","EXT","Exeter International Airport","Exeter","United Kingdom",50.7344017028809,-3.41388988494873,"Europe/London"
"164","EYW","Key West International Airport","Key West","United States",24.5561008453369,-81.7595977783203,"America/New_York"
"165","EZE","Ministro Pistarini International Airport","Buenos Aires","Argentina",-34.8222,-58.5358,"America/Buenos_Aires"
"166","FAE","Vagar Airport","Vagar","Faroe Islands",62.0635986328125,-7.27721977233887,"Atlantic/Faeroe"
"167","FCO","Leonardo da Vinci–Fiumicino Airport","Rome","Italy",41.8002778,12.2388889,"Europe/Rome"
"168","FEZ","Saïss Airport","Fes","Morocco",33.9272994995,-4.97796010971,"Africa/Casablanca"
"169","FKB","Karlsruhe Baden-Baden Airport","Karlsruhe/Baden-Baden","Germany",48.7793998718,8.08049964905,"Europe/Berlin"
"170","FKS","Fukushima Airport","Fukushima","Japan",37.2274017333984,140.430999755859,"Asia/Tokyo"
"171","FLL","Fort Lauderdale Hollywood International Airport","Fort Lauderdale","United States",26.0725994110107,-80.152702331543,"America/New_York"
"172","FLR","Peretola Airport","Florence","Italy",43.810001,11.2051,"Europe/Rome"
"173","FNC","Madeira Airport","Funchal","Portugal",32.697898864746,-16.774499893188,"Europe/Lisbon"
"174","FPO","Grand Bahama International Airport","Freeport","Bahamas",26.5587005615,-78.695602417,"America/Nassau"
"175","FRA","Frankfurt am Main International Airport","Frankfurt","Germany",50.0333333,8.5705556,"Europe/Berlin"
"176","FRU","Manas International Airport","Bishkek","Kyrgyzstan",43.0612983704,74.4776000977,"Asia/Bishkek"
"177","FUE","Fuerteventura Airport","Fuerteventura","Spain",28.4526996612549,-13.8638000488281,"Atlantic/Canary"
"178","FUK","Fukuoka Airport","Fukuoka","Japan",33.5858993530273,130.45100402832,"Asia/Tokyo"
"179","FWA","Fort Wayne International Airport","Fort Wayne","United States",40.97850037,-85.19509888,"America/New_York"
"180","GAJ","Yamagata Airport","Yamagata","Japan",38.4118995667,140.371002197,"Asia/Tokyo"
"181","GAU","Lokpriya Gopinath Bordoloi International Airport","Guwahati","India",26.1061000823975,91.5858993530273,"Asia/Calcutta"
"182","GCM","Owen Roberts International Airport","Georgetown","Cayman Islands",19.2928009033,-81.3576965332,"America/Cayman"
"183","GDL","Don Miguel Hidalgo Y Costilla International Airport","Guadalajara","Mexico",20.5217990875244,-103.310997009277,"America/Mexico_City"
"184","GDN","Gdańsk Lech Wałęsa Airport","Gdansk","Poland",54.3776016235352,18.4661998748779,"Europe/Warsaw"
"185","GGT","Exuma International Airport","Great Exuma","Bahamas",23.5625991821,-75.8779983521,"America/Nassau"
"186","GIB","Gibraltar Airport","Gibraltar","Gibraltar",36.1511993408,-5.34965991974,"Europe/Gibraltar"
"187","GLA","Glasgow International Airport","Glasgow","United Kingdom",55.8718986511,-4.43306016922,"Europe/London"
"188","GLT","Gladstone Airport","Gladstone","Australia",-23.869699,151.223007,"Australia/Brisbane"
"189","GND","Point Salines International Airport","Point Salines","Grenada",12.0041999816895,-61.7862014770508,"America/Grenada"
"190","GOI","Dabolim Airport","Goa","India",15.3808002472,73.8313980103,"Asia/Calcutta"
"191","GOJ","Nizhny Novgorod Strigino International Airport","Nizhniy Novgorod","Russia",56.230098724365,43.784000396729,"Europe/Moscow"
"192","GOT","Gothenburg-Landvetter Airport","Gothenborg","Sweden",57.662799835205,12.279800415039,"Europe/Stockholm"
"193","GRX","Federico Garcia Lorca Airport","Granada","Spain",37.1887016296387,-3.77735996246338,"Europe/Madrid"
"194","GUM","Antonio B. Won Pat International Airport","Agana","Guam",13.4834003448,144.796005249,"Pacific/Guam"
"195","GVA","Geneva Cointrin International Airport","Geneva","Switzerland",46.2380981445312,6.10895013809204,"Europe/Paris"
"196","GYE","José Joaquín de Olmedo International Airport","Guayaquil","Ecuador",-2.15741991997,-79.8835983276,"America/Guayaquil"
"197","GZP","Gazipaşa Airport","Alanya","Turkey",36.2992172241,32.3005981445,"Europe/Istanbul"
"198","HAD","Halmstad Airport","Halmstad","Sweden",56.6911010742188,12.8201999664307,"Europe/Stockholm"
"199","HAJ","Hannover Airport","Hannover","Germany",52.461101532,9.68507957458,"Europe/Berlin"
"200","HAM","Hamburg Airport","Hamburg","Germany",53.630401611328,9.9882297515869,"Europe/Berlin"
"201","HAN","Noi Bai International Airport","Hanoi","Vietnam",21.2212009429932,105.806999206543,"Asia/Saigon"
"202","HAV","José Martí International Airport","Havana","Cuba",22.989200592041,-82.4091033935547,"America/Havana"
"203","HEL","Helsinki Vantaa Airport","Helsinki","Finland",60.317199707031,24.963300704956,"Europe/Helsinki"
"204","HER","Heraklion International Nikos Kazantzakis Airport","Heraklion","Greece",35.3396987915,25.1802997589,"Europe/Athens"
"205","HGH","Hangzhou Xiaoshan International Airport","Hangzhou","China",30.2294998168945,120.43399810791,"Asia/Shanghai"
"206","HIJ","Hiroshima Airport","Hiroshima","Japan",34.4361000061,132.919006348,"Asia/Tokyo"
"207","HKD","Hakodate Airport","Hakodate","Japan",41.7700004578,140.822006226,"Asia/Tokyo"
"208","HKG","Chek Lap Kok International Airport","Hong Kong","Hong Kong",22.3089008331,113.915000916,"Asia/Hong_Kong"
"209","HKT","Phuket International Airport","Phuket","Thailand",8.11320018768,98.3169021606,"Asia/Bangkok"
"210","HNA","Hanamaki Airport","Hanamaki","Japan",39.4286003112793,141.134994506836,"Asia/Tokyo"
"211","HND","Tokyo Haneda International Airport","Tokyo","Japan",35.552299,139.779999,"Asia/Tokyo"
"212","HNL","Honolulu International Airport","Honolulu","United States",21.3187007904053,-157.921997070312,"Pacific/Honolulu"
"213","HRE","Harare International Airport","Harare","Zimbabwe",-17.9318008422852,31.0928001403809,"Africa/Harare"
"214","HSV","Huntsville International Carl T Jones Field","Huntsville","United States",34.637199401855,-86.775100708008,"America/Chicago"
"215","HTI","Hamilton Island Airport","Hamilton Island","Australia",-20.3581008911,148.95199585,"Australia/Brisbane"
"216","HUX","Bahías de Huatulco International Airport","Huatulco","Mexico",15.7753000259399,-96.2626037597656,"America/Mexico_City"
"217","IAD","Washington Dulles International Airport","Washington","United States",38.94449997,-77.45580292,"America/New_York"
"218","IAH","George Bush Intercontinental Houston Airport","Houston","United States",29.9843997955322,-95.3414001464844,"America/Chicago"
"219","IBZ","Ibiza Airport","Ibiza","Spain",38.8728981018,1.37311995029,"Europe/Madrid"
"220","ICN","Incheon International Airport","Seoul","South Korea",37.4691009521484,126.450996398926,"Asia/Seoul"
"221","IDR","Devi Ahilyabai Holkar Airport","Indore","India",22.7217998505,75.8011016846,"Asia/Calcutta"
"222","IGR","Cataratas Del Iguazú International Airport","Iguazu Falls","Argentina",-25.7373008728,-54.473400116,"America/Cordoba"
"223","IND","Indianapolis International Airport","Indianapolis","United States",39.7173,-86.294403,"America/New_York"
"224","INN","Innsbruck Airport","Innsbruck","Austria",47.260201,11.344,"Europe/Vienna"
"225","INV","Inverness Airport","Inverness","United Kingdom",57.5424995422363,-4.0475001335144,"Europe/London"
"226","IOM","Isle of Man Airport","Isle Of Man","Isle of Man",54.0833015441895,-4.6238899230957,"Europe/Isle_of_Man"
"227","IPC","Mataveri Airport","Easter Island","Chile",-27.1648006439,-109.42199707,"Pacific/Easter"
"228","IQQ","Diego Aracena Airport","Iquique","Chile",-20.5352001190186,-70.1812973022461,"America/Santiago"
"229","IQT","Coronel FAP Francisco Secada Vignetta International Airport","Iquitos","Peru",-3.78473997116089,-73.3087997436523,"America/Lima"
"230","ISG","Ishigaki Airport","Ishigaki","Japan",24.344499588,124.18699646,"Asia/Tokyo"
"231","IVL","Ivalo Airport","Ivalo","Finland",68.607299804688,27.405300140381,"Europe/Helsinki"
"232","IXB","Bagdogra Airport","Baghdogra","India",26.6812000274658,88.3285980224609,"Asia/Calcutta"
"233","IXC","Chandigarh Airport","Chandigarh","India",30.6735000610352,76.7884979248047,"Asia/Calcutta"
"234","IXJ","Jammu Airport","Jammu","India",32.6890983582,74.8374023438,"Asia/Calcutta"
"235","IXL","Leh Kushok Bakula Rimpochee Airport","Leh","India",34.1358985901,77.5465011597,"Asia/Calcutta"
"236","IXR","Birsa Munda Airport","Ranchi","India",23.3143005371,85.3217010498,"Asia/Calcutta"
"237","IZO","Izumo Airport","Izumo","Japan",35.4136009216,132.88999939,"Asia/Tokyo"
"238","JAI","Jaipur International Airport","Jaipur","India",26.8241996765,75.8122024536,"Asia/Calcutta"
"239","JAX","Jacksonville International Airport","Jacksonville","United States",30.4941005706787,-81.6878967285156,"America/New_York"
"240","JDH","Jodhpur Airport","Jodhpur","India",26.2511005401611,73.0488967895508,"Asia/Calcutta"
"241","JED","King Abdulaziz International Airport","Jeddah","Saudi Arabia",21.6796,39.156502,"Asia/Riyadh"
"242","JER","Jersey Airport","Jersey","Jersey",49.2079010009766,-2.1955099105835,"Europe/Jersey"
"243","JFK","John F Kennedy International Airport","New York","United States",40.63980103,-73.77890015,"America/New_York"
"244","JKG","Jönköping Airport","Joenkoeping","Sweden",57.7575988769531,14.068699836731,"Europe/Stockholm"
"245","JNB","OR Tambo International Airport","Johannesburg","South Africa",-26.1392,28.246,"Africa/Johannesburg"
"246","JOE","Joensuu Airport","Joensuu","Finland",62.662899017334,29.607500076294,"Europe/Helsinki"
"247","JSI","Skiathos Island National Airport","Skiathos","Greece",39.1771011352539,23.5037002563477,"Europe/Athens"
"248","JTR","Santorini Airport","Thira","Greece",36.3992004394531,25.4792995452881,"Europe/Athens"
"249","JUL","Inca Manco Capac International Airport","Juliaca","Peru",-15.4671001434326,-70.158203125,"America/Lima"
"250","JYV","Jyvaskyla Airport","Jyvaskyla","Finland",62.399501800537,25.678300857544,"Europe/Helsinki"
"251","KAJ","Kajaani Airport","Kajaani","Finland",64.285499572754,27.692399978638,"Europe/Helsinki"
"252","KAO","Kuusamo Airport","Kuusamo","Finland",65.987602233887,29.239400863647,"Europe/Helsinki"
"253","KBP","Boryspil International Airport","Kiev","Ukraine",50.3450012207031,30.8946990966797,"Europe/Kiev"
"254","KBV","Krabi Airport","Krabi","Thailand",8.09912014008,98.9861984253,"Asia/Bangkok"
"255","KCH","Kuching International Airport","Kuching","Malaysia",1.48469996452332,110.34700012207,"Asia/Kuala_Lumpur"
"256","KCZ","Kōchi Ryōma Airport","Kochi","Japan",33.5461006165,133.669006348,"Asia/Tokyo"
"257","KEF","Keflavik International Airport","Keflavik","Iceland",63.985000610352,-22.605600357056,"Atlantic/Reykjavik"
"258","KEM","Kemi-Tornio Airport","Kemi","Finland",65.778701782227,24.582099914551,"Europe/Helsinki"
"259","KGI","Kalgoorlie Boulder Airport","Kalgoorlie","Australia",-30.7894001007,121.461997986,"Australia/Perth"
"260","KGS","Kos Airport","Kos","Greece",36.7933006286621,27.0916996002197,"Europe/Athens"
"261","KHH","Kaohsiung International Airport","Kaohsiung","Taiwan",22.5771007537842,120.349998474121,"Asia/Taipei"
"262","KHI","Jinnah International Airport","Karachi","Pakistan",24.9065,67.160797,"Asia/Karachi"
"263","KIJ","Niigata Airport","Niigata","Japan",37.9558982849,139.121002197,"Asia/Tokyo"
"264","KIN","Norman Manley International Airport","Kingston","Jamaica",17.9356994628906,-76.7874984741211,"America/Jamaica"
"265","KIV","Chişinău International Airport","Chisinau","Moldova",46.9277000427246,28.9309997558594,"Europe/Chisinau"
"266","KIX","Kansai International Airport","Osaka","Japan",34.4272994995117,135.244003295898,"Asia/Tokyo"
"267","KKJ","Kitakyūshū Airport","Kitakyushu","Japan",33.8459014893,131.035003662,"Asia/Tokyo"
"268","KLR","Kalmar Airport","Kalkmar","Sweden",56.6855010986328,16.2875995635986,"Europe/Stockholm"
"269","KMG","Kunming Changshui International Airport","Kunming","China",25.1019444,102.9291667,"Asia/Shanghai"
"270","KMI","Miyazaki Airport","Miyazaki","Japan",31.877199173,131.449005127,"Asia/Tokyo"
"271","KMJ","Kumamoto Airport","Kumamoto","Japan",32.8372993469238,130.854995727539,"Asia/Tokyo"
"272","KMQ","Komatsu Airport","Kanazawa","Japan",36.3945999145508,136.406997680664,"Asia/Tokyo"
"273","KOJ","Kagoshima Airport","Kagoshima","Japan",31.8034000396729,130.718994140625,"Asia/Tokyo"
"274","KOK","Kokkola-Pietarsaari Airport","Kruunupyy","Finland",63.721199035645,23.143100738525,"Europe/Helsinki"
"275","KRK","John Paul II International Airport Kraków-Balice Airport","Krakow","Poland",50.0777015686035,19.7847995758057,"Europe/Warsaw"
"276","KRP","Karup Airport","Karup","Denmark",56.2975006103516,9.12462997436523,"Europe/Copenhagen"
"277","KRR","Krasnodar Pashkovsky International Airport","Krasnodar","Russia",45.034698486328,39.170501708984,"Europe/Moscow"
"278","KRT","Khartoum International Airport","Khartoum","Sudan",15.5895004272461,32.5531997680664,"Africa/Khartoum"
"279","KSD","Karlstad Airport","Karlstad","Sweden",59.4446983337,13.3374004364,"Europe/Stockholm"
"280","KTA","Karratha Airport","Karratha","Australia",-20.7122001648,116.773002625,"Australia/Perth"
"281","KTM","Tribhuvan International Airport","Kathmandu","Nepal",27.6965999603,85.3591003418,"Asia/Katmandu"
"282","KTP","Tinson Pen Airport","Kingston","Jamaica",17.9885997772217,-76.8237991333008,"America/Jamaica"
"283","KTT","Kittilä Airport","Kittila","Finland",67.700996398926,24.846799850464,"Europe/Helsinki"
"284","KUF","Kurumoch International Airport","Samara","Russia",53.504901885986,50.16429901123,"Europe/Samara"
"285","KUH","Kushiro Airport","Kushiro","Japan",43.0410003662,144.192993164,"Asia/Tokyo"
"286","KUL","Kuala Lumpur International Airport","Kuala Lumpur","Malaysia",2.745579957962,101.70999908447,"Asia/Kuala_Lumpur"
"287","KUO","Kuopio Airport","Kuopio","Finland",63.007099151611,27.797800064087,"Europe/Helsinki"
"288","KWI","Kuwait International Airport","Kuwait","Kuwait",29.2266006469727,47.9688987731934,"Asia/Kuwait"
"289","KZN","Kazan International Airport","Kazan","Russia",55.606201171875,49.278701782227,"Europe/Moscow"
"290","LAS","McCarran International Airport","Las Vegas","United States",36.08010101,-115.1520004,"America/Los_Angeles"
"291","LAX","Los Angeles International Airport","Los Angeles","United States",33.94250107,-118.4079971,"America/Los_Angeles"
"292","LBD","Khudzhand Airport","Khudzhand","Tajikistan",40.2154006958008,69.6947021484375,"Asia/Dushanbe"
"293","LCG","A Coruña Airport","La Coruna","Spain",43.3021011352539,-8.37726020812988,"Europe/Madrid"
"294","LDH","Lord Howe Island Airport","Lord Howe Island","Australia",-31.5382995605,159.07699585,"Australia/Lord_Howe"
"295","LED","Pulkovo Airport","St. Petersburg","Russia",59.8003005981445,30.2625007629395,"Europe/Moscow"
"296","LEI","Almería International Airport","Almeria","Spain",36.8438987731934,-2.3701000213623,"Europe/Madrid"
"297","LGA","La Guardia Airport","New York","United States",40.77719879,-73.87259674,"America/New_York"
"298","LGK","Langkawi International Airport","Langkawi","Malaysia",6.32973003387451,99.7286987304688,"Asia/Kuala_Lumpur"
"299","LGW","London Gatwick Airport","London","United Kingdom",51.1481018066406,-0.190277993679047,"Europe/London"
"300","LHR","London Heathrow Airport","London","United Kingdom",51.4706,-0.461941,"Europe/London"
"301","LIM","Jorge Chávez International Airport","Lima","Peru",-12.0219,-77.114304,"America/Lima"
"302","LIS","Lisbon Portela Airport","Lisbon","Portugal",38.7812995911,-9.13591957092,"Europe/Lisbon"
"303","LJU","Ljubljana Jože Pučnik Airport","Ljubljana","Slovenia",46.223701,14.4576,"Europe/Ljubljana"
"304","LKO","Chaudhary Charan Singh International Airport","Lucknow","India",26.7605991364,80.8892974854,"Asia/Calcutta"
"305","LPA","Gran Canaria Airport","Gran Canaria","Spain",27.9319000244141,-15.3865995407104,"Atlantic/Canary"
"306","LPB","El Alto International Airport","La Paz","Bolivia",-16.5132999420166,-68.1922988891602,"America/La_Paz"
"307","LPQ","Luang Phabang International Airport","Luang Prabang","Laos",19.8973007202148,102.161003112793,"Asia/Vientiane"
"308","LPT","Lampang Airport","Lampang","Thailand",18.2709007263184,99.5042037963867,"Asia/Bangkok"
"309","LRE","Longreach Airport","Longreach","Australia",-23.4342002869,144.279998779,"Australia/Brisbane"
"310","LSC","La Florida Airport","La Serena","Chile",-29.9162006378,-71.1995010376,"America/Santiago"
"311","LUN","Kenneth Kaunda International Airport Lusaka","Lusaka","Zambia",-15.3308000565,28.4526004791,"Africa/Lusaka"
"312","LUX","Luxembourg-Findel International Airport","Luxemburg","Luxembourg",49.6233333,6.2044444,"Europe/Luxembourg"
"313","LVI","Livingstone Airport","Livingstone","Zambia",-17.8218002319336,25.8227005004883,"Africa/Lusaka"
"314","LWN","Gyumri Shirak Airport","Gyumri","Armenia",40.7504005432,43.8592987061,"Asia/Yerevan"
"315","LYS","Lyon Saint-Exupéry Airport","Lyon","France",45.7255556,5.0811111,"Europe/Paris"
"316","MAA","Chennai International Airport","Madras","India",12.9900054931641,80.1692962646484,"Asia/Calcutta"
"317","MAD","Adolfo Suárez Madrid–Barajas Airport","Madrid","Spain",40.471926,-3.56264,"Europe/Madrid"
"318","MAH","Menorca Airport","Menorca","Spain",39.8625984191895,4.21864986419678,"Europe/Madrid"
"319","MAN","Manchester Airport","Manchester","United Kingdom",53.3536987304688,-2.27495002746582,"Europe/London"
"320","MBJ","Sangster International Airport","Montego Bay","Jamaica",18.5037002563477,-77.9133987426758,"America/Jamaica"
"321","MCI","Kansas City International Airport","Kansas City","United States",39.2976,-94.713898,"America/Chicago"
"322","MCO","Orlando International Airport","Orlando","United States",28.4293994903564,-81.3089981079102,"America/New_York"
"323","MCT","Muscat International Airport","Muscat","Oman",23.5932998657227,58.2844009399414,"Asia/Muscat"
"324","MDE","Jose Maria Córdova International Airport","Rio Negro","Colombia",6.16454,-75.4231,"America/Bogota"
"325","MDL","Mandalay International Airport","Mandalay","Burma",21.7021999359131,95.977897644043,"Asia/Rangoon"
"326","MDZ","El Plumerillo Airport","Mendoza","Argentina",-32.8316993713,-68.7929000854,"America/Mendoza"
"327","MEL","Melbourne International Airport","Melbourne","Australia",-37.6733016967773,144.843002319336,"Australia/Hobart"
"328","MEM","Memphis International Airport","Memphis","United States",35.0424003601074,-89.9766998291016,"America/Chicago"
"329","MEX","Licenciado Benito Juarez International Airport","Mexico City","Mexico",19.4363,-99.072098,"America/Mexico_City"
"330","MGA","Augusto C. Sandino (Managua) International Airport","Managua","Nicaragua",12.1415004730225,-86.1681976318359,"America/Managua"
"331","MHH","Marsh Harbour International Airport","Marsh Harbor","Bahamas",26.5114002228,-77.0835037231,"America/Nassau"
"332","MHQ","Mariehamn Airport","Mariehamn","Finland",60.122200012207,19.898199081421,"Europe/Mariehamn"
"333","MHU","Mount Hotham Airport","Mount Hotham","Australia",-37.0475006104,147.333999634,"Australia/Hobart"
"334","MIA","Miami International Airport","Miami","United States",25.7931995391846,-80.2906036376953,"America/New_York"
"335","MKY","Mackay Airport","Mackay","Australia",-21.1716995239,149.179992676,"Australia/Brisbane"
"336","MLA","Malta International Airport","Malta","Malta",35.857498,14.4775,"Europe/Malta"
"337","MLE","Malé International Airport","Male","Maldives",4.19183015823364,73.5290985107422,"Indian/Maldives"
"338","MMB","Memanbetsu Airport","Memanbetsu","Japan",43.8805999756,144.164001465,"Asia/Tokyo"
"339","MMJ","Matsumoto Airport","Matsumoto","Japan",36.1668014526367,137.923004150391,"Asia/Tokyo"
"340","MMX","Malmö Sturup Airport","Malmoe","Sweden",55.536305364,13.3761978149,"Europe/Stockholm"
"341","MMY","Miyako Airport","Miyako","Japan",24.7828006744,125.294998169,"Asia/Tokyo"
"342","MNL","Ninoy Aquino International Airport","Manila","Philippines",14.5086,121.019997,"Asia/Manila"
"343","MPN","Mount Pleasant Airport","Mount Pleasant","Falkland Islands",-51.8227996826172,-58.4472007751465,"Atlantic/Stanley"
"344","MRS","Marseille Provence Airport","Marseille","France",43.439271922,5.22142410278,"Europe/Paris"
"345","MRU","Sir Seewoosagur Ramgoolam International Airport","Plaisance","Mauritius",-20.4302005767822,57.6836013793945,"Indian/Mauritius"
"346","MSJ","Misawa Air Base","Misawa","Japan",40.7032012939,141.367996216,"Asia/Tokyo"
"347","MSN","Dane County Regional Truax Field","Madison","United States",43.1399002075195,-89.3375015258789,"America/Chicago"
"348","MSP","Minneapolis-St Paul International/Wold-Chamberlain Airport","Minneapolis","United States",44.8819999695,-93.2218017578,"America/Chicago"
"349","MSQ","Minsk National Airport","Minsk 2","Belarus",53.882499694824,28.030700683594,"Europe/Minsk"
"350","MSY","Louis Armstrong New Orleans International Airport","New Orleans","United States",29.9934005737305,-90.2580032348633,"America/Chicago"
"351","MTT","Minatitlán/Coatzacoalcos National Airport","Minatitlan","Mexico",18.1033992767,-94.5807037354,"America/Mexico_City"
"352","MUC","Munich International Airport","Munich","Germany",48.353801727295,11.786100387573,"Europe/Berlin"
"353","MVD","Carrasco International /General C L Berisso Airport","Montevideo","Uruguay",-34.8384017944336,-56.0307998657227,"America/Montevideo"
"354","MXL","General Rodolfo Sánchez Taboada International Airport","Mexicali","Mexico",32.6305999756,-115.241996765,"America/Tijuana"
"355","MXP","Malpensa International Airport","Milano","Italy",45.6306,8.72811,"Europe/Rome"
"356","MYJ","Matsuyama Airport","Matsuyama","Japan",33.8272018432617,132.699996948242,"Asia/Tokyo"
"357","NAN","Nadi International Airport","Nandi","Fiji",-17.7553997039795,177.442993164062,"Pacific/Fiji"
"358","NAP","Naples International Airport","Naples","Italy",40.886002,14.2908,"Europe/Rome"
"359","NAS","Lynden Pindling International Airport","Nassau","Bahamas",25.0389995575,-77.4662017822,"America/Nassau"
"360","NBO","Jomo Kenyatta International Airport","Nairobi","Kenya",-1.31923997402,36.9277992249,"Africa/Nairobi"
"361","NCE","Nice-Côte d'Azur Airport","Nice","France",43.6584014893,7.21586990356,"Europe/Paris"
"362","NCL","Newcastle Airport","Newcastle","United Kingdom",55.0374984741211,-1.69166994094849,"Europe/London"
"363","NDR","Nador International Airport","El Aroui","Morocco",34.9888000488,-3.0282099247,"Africa/Casablanca"
"364","NGB","Ningbo Lishe International Airport","Ninbo","China",29.8267002105713,121.46199798584,"Asia/Shanghai"
"365","NGO","Chubu Centrair International Airport","Nagoya","Japan",34.8583984375,136.804992675781,"Asia/Tokyo"
"366","NGS","Nagasaki Airport","Nagasaki","Japan",32.9169006348,129.914001465,"Asia/Tokyo"
"367","NKG","Nanjing Lukou Airport","Nanjing","China",31.742000579834,118.861999511719,"Asia/Shanghai"
"368","NLK","Norfolk Island International Airport","Norfolk Island","Norfolk Island",-29.0415992736816,167.938995361328,"Pacific/Norfolk"
"369","NOU","La Tontouta International Airport","Noumea","New Caledonia",-22.0146007537842,166.212997436523,"Pacific/Noumea"
"370","NQY","Newquay Cornwall Airport","Newquai","United Kingdom",50.440601348877,-4.99540996551514,"Europe/London"
"371","NRT","Narita International Airport","Tokyo","Japan",35.7647018433,140.386001587,"Asia/Tokyo"
"372","NTE","Nantes Atlantique Airport","Nantes","France",47.1531982422,-1.61073005199,"Europe/Paris"
"373","NTL","Newcastle Airport","Newcastle","Australia",-32.7949981689453,151.833999633789,"Australia/Sydney"
"374","NUE","Nuremberg Airport","Nuernberg","Germany",49.498699,11.0780556,"Europe/Berlin"
"375","OBO","Tokachi-Obihiro Airport","Obihiro","Japan",42.7332992554,143.216995239,"Asia/Tokyo"
"376","OER","Örnsköldsvik Airport","Ornskoldsvik","Sweden",63.4082984924316,18.9899997711182,"Europe/Stockholm"
"377","OIT","Oita Airport","Oita","Japan",33.4794006348,131.736999512,"Asia/Tokyo"
"378","OKA","Naha Airport","Okinawa","Japan",26.1958007812,127.646003723,"Asia/Tokyo"
"379","OKC","Will Rogers World Airport","Oklahoma City","United States",35.3931007385254,-97.600700378418,"America/Chicago"
"380","OKJ","Okayama Airport","Okayama","Japan",34.7569007874,133.854995728,"Asia/Tokyo"
"381","OLB","Olbia Costa Smeralda Airport","Olbia","Italy",40.898701,9.51763,"Europe/Rome"
"382","OMA","Eppley Airfield","Omaha","United States",41.3031997680664,-95.8940963745117,"America/Chicago"
"383","OOL","Gold Coast Airport","Coolangatta","Australia",-28.1644001007,153.505004883,"Australia/Brisbane"
"384","OPO","Francisco de Sá Carneiro Airport","Porto","Portugal",41.2481002808,-8.68138980865,"Europe/Lisbon"
"385","ORD","Chicago O'Hare International Airport","Chicago","United States",41.97859955,-87.90480042,"America/Chicago"
"386","ORF","Norfolk International Airport","Norfolk","United States",36.8945999145508,-76.2012023925781,"America/New_York"
"387","ORK","Cork Airport","Cork","Ireland",51.8413009643555,-8.49110984802246,"Europe/Dublin"
"388","OSD","Åre Östersund Airport","Östersund","Sweden",63.194400787354,14.50030040741,"Europe/Stockholm"
"389","OSL","Oslo Gardermoen Airport","Oslo","Norway",60.193901062012,11.100399971008,"Europe/Oslo"
"390","OSS","Osh Airport","Osh","Kyrgyzstan",40.6090011597,72.793296814,"Asia/Bishkek"
"391","OTP","Henri Coandă International Airport","Bucharest","Romania",44.5711111,26.085,"Europe/Bucharest"
"392","OUL","Oulu Airport","Oulu","Finland",64.930099487305,25.354600906372,"Europe/Helsinki"
"393","OVB","Tolmachevo Airport","Novosibirsk","Russia",55.012599945068,82.650703430176,"Asia/Krasnoyarsk"
"394","OVD","Asturias Airport","Aviles","Spain",43.5635986328125,-6.03461980819702,"Europe/Madrid"
"395","PAP","Toussaint Louverture International Airport","Port-au-prince","Haiti",18.5799999237061,-72.2925033569336,"America/Port-au-Prince"
"396","PAT","Lok Nayak Jayaprakash Airport","Patina","India",25.591299057,85.0879974365,"Asia/Calcutta"
"397","PBI","Palm Beach International Airport","West Palm Beach","United States",26.6832008361816,-80.0955963134766,"America/New_York"
"398","PBO","Paraburdoo Airport","Paraburdoo","Australia",-23.1711006165,117.745002747,"Australia/Perth"
"399","PCL","Cap FAP David Abenzur Rengifo International Airport","Pucallpa","Peru",-8.37794017791748,-74.5743026733398,"America/Lima"
"400","PDX","Portland International Airport","Portland","United States",45.58869934,-122.5979996,"America/Los_Angeles"
"401","PEE","Bolshoye Savino Airport","Perm","Russia",57.914501190186,56.021198272705,"Asia/Yekaterinburg"
"402","PEK","Beijing Capital International Airport","Beijing","China",40.0801010131836,116.584999084473,"Asia/Shanghai"
"403","PEM","Padre Aldamiz International Airport","Puerto Maldonado","Peru",-12.6135997772,-69.2285995483,"America/Lima"
"404","PEN","Penang International Airport","Penang","Malaysia",5.29714012145996,100.277000427246,"Asia/Kuala_Lumpur"
"405","PER","Perth International Airport","Perth","Australia",-31.940299987793,115.967002868652,"Australia/Perth"
"406","PFO","Paphos International Airport","Paphos","Cyprus",34.7179985046387,32.4856986999512,"Asia/Nicosia"
"407","PHE","Port Hedland International Airport","Port Hedland","Australia",-20.3777999878,118.625999451,"Australia/Perth"
"408","PHL","Philadelphia International Airport","Philadelphia","United States",39.871898651123,-75.241096496582,"America/New_York"
"409","PHX","Phoenix Sky Harbor International Airport","Phoenix","United States",33.4342994689941,-112.012001037598,"America/Phoenix"
"410","PIT","Pittsburgh International Airport","Pittsburgh","United States",40.49150085,-80.23290253,"America/New_York"
"411","PIU","Capitán FAP Guillermo Concha Iberico International Airport","Piura","Peru",-5.20574998856,-80.6164016724,"America/Lima"
"412","PKZ","Pakse International Airport","Pakse","Laos",15.1321001052856,105.78099822998,"Asia/Vientiane"
"413","PLS","Providenciales Airport","Providenciales","Turks and Caicos Islands",21.7735996246338,-72.2658996582031,"America/Grand_Turk"
"414","PLZ","Port Elizabeth Airport","Port Elizabeth","South Africa",-33.9849014282,25.6173000336,"Africa/Johannesburg"
"415","PMC","El Tepual Airport","Puerto Montt","Chile",-41.4388999938965,-73.0940017700195,"America/Santiago"
"416","PMI","Palma De Mallorca Airport","Palma de Mallorca","Spain",39.551700592,2.73881006241,"Europe/Madrid"
"417","PNA","Pamplona Airport","Pamplona","Spain",42.7700004577637,-1.64632999897003,"Europe/Madrid"
"418","PNH","Phnom Penh International Airport","Phnom-penh","Cambodia",11.5466003417969,104.84400177002,"Asia/Phnom_Penh"
"419","PNQ","Pune Airport","Pune","India",18.5820999145508,73.9197006225586,"Asia/Calcutta"
"420","PNS","Pensacola Regional Airport","Pensacola","United States",30.473400115967,-87.186599731445,"America/Chicago"
"421","POM","Port Moresby Jacksons International Airport","Port Moresby","Papua New Guinea",-9.44338035583496,147.220001220703,"Pacific/Port_Moresby"
"422","POP","Gregorio Luperon International Airport","Puerto Plata","Dominican Republic",19.7579002380371,-70.5699996948242,"America/Santo_Domingo"
"423","POR","Pori Airport","Pori","Finland",61.461700439453,21.799999237061,"Europe/Helsinki"
"424","POS","Piarco International Airport","Port-of-spain","Trinidad and Tobago",10.5953998565674,-61.3372001647949,"America/Port_of_Spain"
"425","PPT","Faa'a International Airport","Papeete","French Polynesia",-17.5536994934,-149.606994629,"Pacific/Tahiti"
"426","PQQ","Port Macquarie Airport","Port Macquarie","Australia",-31.4358005524,152.863006592,"Australia/Sydney"
"427","PRG","Václav Havel Airport Prague","Prague","Czech Republic",50.1008,14.26,"Europe/Prague"
"428","PSA","Pisa International Airport","Pisa","Italy",43.683899,10.3927,"Europe/Rome"
"429","PTP","Pointe-à-Pitre Le Raizet","Pointe-a-pitre","Guadeloupe",16.2653007507324,-61.5317993164062,"America/Guadeloupe"
"430","PTY","Tocumen International Airport","Panama City","Panama",9.0713596344,-79.3834991455,"America/Panama"
"431","PUJ","Punta Cana International Airport","Punta Cana","Dominican Republic",18.5673999786,-68.3634033203,"America/Santo_Domingo"
"432","PUQ","Pdte. carlos Ibañez del Campo Airport","Punta Arenas","Chile",-53.0026016235352,-70.8545989990234,"America/Santiago"
"433","PUS","Gimhae International Airport","Busan","South Korea",35.1795005798,128.93800354,"Asia/Seoul"
"434","PUY","Pula Airport","Pula","Croatia",44.8935012817383,13.9222002029419,"Europe/Zagreb"
"435","PVG","Shanghai Pudong International Airport","Shanghai","China",31.1434001922607,121.805000305176,"Asia/Shanghai"
"436","PVK","Aktion National Airport","Preveza","Greece",38.9254989624023,20.7653007507324,"Europe/Athens"
"437","PVR","Licenciado Gustavo Díaz Ordaz International Airport","Puerto Vallarta","Mexico",20.6800994873047,-105.253997802734,"America/Mexico_City"
"438","PWM","Portland International Jetport Airport","Portland","United States",43.64619827,-70.30930328,"America/New_York"
"439","PWQ","Pavlodar Airport","Pavlodar","Kazakhstan",52.1949996948242,77.0738983154297,"Asia/Qyzylorda"
"440","PXM","Puerto Escondido International Airport","Puerto Escondido","Mexico",15.8768997192,-97.0891036987,"America/Mexico_City"
"441","RAK","Menara Airport","Marrakech","Morocco",31.6068992615,-8.03629970551,"Africa/Casablanca"
"442","RDU","Raleigh Durham International Airport","Raleigh-durham","United States",35.8776016235352,-78.7874984741211,"America/New_York"
"443","REP","Siem Reap International Airport","Siem-reap","Cambodia",13.4106998444,103.81300354,"Asia/Phnom_Penh"
"444","REX","General Lucio Blanco International Airport","Reynosa","Mexico",26.0088996887,-98.2285003662,"America/Mexico_City"
"445","RGN","Yangon International Airport","Yangon","Burma",16.9073009491,96.1332015991,"Asia/Rangoon"
"446","RHO","Diagoras Airport","Rhodos","Greece",36.4053993225098,28.0862007141113,"Europe/Athens"
"447","RIC","Richmond International Airport","Richmond","United States",37.505199432373,-77.3197021484375,"America/New_York"
"448","RIX","Riga International Airport","Riga","Latvia",56.9235992431641,23.9710998535156,"Europe/Riga"
"449","RMI","Federico Fellini International Airport","Rimini","Italy",44.020302,12.6117,"Europe/Rome"
"450","RNB","Ronneby Airport","Ronneby","Sweden",56.266700744629,15.265000343323,"Europe/Stockholm"
"451","RNN","Bornholm Airport","Ronne","Denmark",55.0633010864258,14.7595996856689,"Europe/Copenhagen"
"452","ROC","Greater Rochester International Airport","Rochester","United States",43.1189002990723,-77.6724014282227,"America/New_York"
"453","ROK","Rockhampton Airport","Rockhampton","Australia",-23.3819007874,150.475006104,"Australia/Brisbane"
"454","ROV","Rostov-on-Don Airport","Rostov","Russia",47.2582015991,39.8180999756,"Europe/Moscow"
"455","RSW","Southwest Florida International Airport","Fort Myers","United States",26.5361995697021,-81.7552032470703,"America/New_York"
"456","RUH","King Khaled International Airport","Riyadh","Saudi Arabia",24.9575996398926,46.6987991333008,"Asia/Riyadh"
"457","RVN","Rovaniemi Airport","Rovaniemi","Finland",66.564796447754,25.830400466919,"Europe/Helsinki"
"458","SAH","Sana'a International Airport","Sanaa","Yemen",15.476300239563,44.2196998596191,"Asia/Aden"
"459","SAL","El Salvador International Airport","San Salvador","El Salvador",13.4409,-89.055702,"America/El_Salvador"
"460","SAN","San Diego International Airport","San Diego","United States",32.7336006165,-117.190002441,"America/Los_Angeles"
"461","SAP","Ramón Villeda Morales International Airport","San Pedro Sula","Honduras",15.4525995254517,-87.9235992431641,"America/Tegucigalpa"
"462","SAT","San Antonio International Airport","San Antonio","United States",29.5337009429932,-98.4698028564453,"America/Chicago"
"463","SCL","Comodoro Arturo Merino Benítez International Airport","Santiago","Chile",-33.3930015563965,-70.7857971191406,"America/Santiago"
"464","SCQ","Santiago de Compostela Airport","Santiago","Spain",42.8963012695312,-8.41514015197754,"Europe/Madrid"
"465","SDJ","Sendai Airport","Sendai","Japan",38.1397018433,140.917007446,"Asia/Tokyo"
"466","SDL","Sundsvall-Härnösand Airport","Sundsvall","Sweden",62.5280990600586,17.4438991546631,"Europe/Stockholm"
"467","SDQ","Las Américas International Airport","Santo Domingo","Dominican Republic",18.42970085144,-69.668899536133,"America/Santo_Domingo"
"468","SDR","Santander Airport","Santander","Spain",43.4271011352539,-3.82000994682312,"Europe/Madrid"
"469","SEA","Seattle Tacoma International Airport","Seattle","United States",47.4490013122559,-122.30899810791,"America/Los_Angeles"
"470","SEZ","Seychelles International Airport","Mahe","Seychelles",-4.67433977127075,55.521800994873,"Indian/Mahe"
"471","SFO","San Francisco International Airport","San Francisco","United States",37.6189994812012,-122.375,"America/Los_Angeles"
"472","SGD","Sønderborg Airport","Soenderborg","Denmark",54.9644012451172,9.79172992706299,"Europe/Copenhagen"
"473","SGN","Tan Son Nhat International Airport","Ho Chi Minh City","Vietnam",10.8187999725,106.652000427,"Asia/Saigon"
"474","SHE","Taoxian Airport","Shenyang","China",41.6398010253906,123.483001708984,"Asia/Shanghai"
"475","SHM","Nanki Shirahama Airport","Nanki-shirahama","Japan",33.6622009277,135.363998413,"Asia/Tokyo"
"476","SIN","Singapore Changi Airport","Singapore","Singapore",1.35019,103.994003,"Asia/Singapore"
"477","SJC","Norman Y. Mineta San Jose International Airport","San Jose","United States",37.3625984191895,-121.929000854492,"America/Los_Angeles"
"478","SJD","Los Cabos International Airport","San Jose Del Cabo","Mexico",23.1518001556396,-109.721000671387,"America/Mazatlan"
"479","SJJ","Sarajevo International Airport","Sarajevo","Bosnia and Herzegovina",43.8246002197266,18.3314990997314,"Europe/Sarajevo"
"480","SJO","Juan Santamaria International Airport","San Jose","Costa Rica",9.99386024475098,-84.2088012695312,"America/Costa_Rica"
"481","SJU","Luis Munoz Marin International Airport","San Juan","Puerto Rico",18.4393997192,-66.0018005371,"America/Puerto_Rico"
"482","SKB","Robert L. Bradshaw International Airport","Basse Terre","Saint Kitts and Nevis",17.3111991882324,-62.7187004089355,"America/St_Kitts"
"483","SKG","Thessaloniki Macedonia International Airport","Thessaloniki","Greece",40.5196990966797,22.9708995819092,"Europe/Athens"
"484","SKP","Skopje Alexander the Great Airport","Skopje","Macedonia",41.961601,21.621401,"Europe/Skopje"
"485","SLA","Martin Miguel De Guemes International Airport","Salta","Argentina",-24.8560009003,-65.4861984253,"America/Argentina/Salta"
"486","SLC","Salt Lake City International Airport","Salt Lake City","United States",40.7883987426758,-111.977996826172,"America/Denver"
"487","SLU","George F. L. Charles Airport","Castries","Saint Lucia",14.0202,-60.992901,"America/St_Lucia"
"488","SMF","Sacramento International Airport","Sacramento","United States",38.6954002380371,-121.591003417969,"America/Los_Angeles"
"489","SNN","Shannon Airport","Shannon","Ireland",52.701999664307,-8.9248199462891,"Europe/Dublin"
"490","SOF","Sofia Airport","Sofia","Bulgaria",42.6966934204102,23.4114360809326,"Europe/Sofia"
"491","SOU","Southampton Airport","Southampton","United Kingdom",50.9502983093262,-1.35679996013641,"Europe/London"
"492","SPC","La Palma Airport","Santa Cruz De La Palma","Spain",28.6264991760254,-17.7555999755859,"Atlantic/Canary"
"493","SPK","Chitose Air Base","Chitose","Japan",42.7944984436,141.666000366,"Asia/Tokyo"
"494","SPU","Split Airport","Split","Croatia",43.5388984680176,16.2980003356934,"Europe/Zagreb"
"495","SRP","Stord Airport","Stord","Norway",59.7919006347656,5.34084987640381,"Europe/Oslo"
"496","SRZ","El Trompillo Airport","Santa Cruz","Bolivia",-17.8115997314,-63.1715011597,"America/La_Paz"
"497","SSG","Malabo Airport","Malabo","Equatorial Guinea",3.75527000427246,8.70872020721436,"Africa/Malabo"
"498","STI","Cibao International Airport","Santiago","Dominican Republic",19.406099319458,-70.6046981811523,"America/Santo_Domingo"
"499","STL","Lambert St Louis International Airport","St. Louis","United States",38.7486991882324,-90.370002746582,"America/Chicago"
"500","STR","Stuttgart Airport","Stuttgart","Germany",48.6898994446,9.22196006775,"Europe/Berlin"
"501","STT","Cyril E. King Airport","St. Thomas","Virgin Islands",18.3372993469238,-64.9733963012695,"America/St_Thomas"
"502","STX","Henry E Rohlsen Airport","St. Croix Island","Virgin Islands",17.7019004821777,-64.7985992431641,"America/St_Thomas"
"503","SUB","Juanda International Airport","Surabaya","Indonesia",-7.37982988357544,112.787002563477,"Asia/Jakarta"
"504","SVO","Sheremetyevo International Airport","Moscow","Russia",55.972599,37.4146,"Europe/Moscow"
"505","SVQ","Sevilla Airport","Sevilla","Spain",37.4179992675781,-5.8931097984314,"Europe/Madrid"
"506","SVX","Koltsovo Airport","Yekaterinburg","Russia",56.743099212646,60.802700042725,"Asia/Yekaterinburg"
"507","SXM","Princess Juliana International Airport","Philipsburg","Netherlands Antilles",18.0410003662,-63.1088981628,"America/Curacao"
"508","SXR","Sheikh ul Alam Airport","Srinagar","India",33.9870986938477,74.7742004394531,"Asia/Calcutta"
"509","SYD","Sydney Kingsford Smith International Airport","Sydney","Australia",-33.9460983276367,151.177001953125,"Australia/Sydney"
"510","SYR","Syracuse Hancock International Airport","Syracuse","United States",43.111198425293,-76.1063003540039,"America/New_York"
"511","SYX","Sanya Phoenix International Airport","Sanya","China",18.3029003143311,109.412002563477,"Asia/Shanghai"
"512","SZG","Salzburg Airport","Salzburg","Austria",47.7933006287,13.0043001175,"Europe/Vienna"
"513","TAK","Takamatsu Airport","Takamatsu","Japan",34.2141990662,134.01600647,"Asia/Tokyo"
"514","TAO","Liuting Airport","Qingdao","China",36.2661018372,120.374000549,"Asia/Shanghai"
"515","TAY","Tartu Airport","Tartu","Estonia",58.3074989319,26.6903991699,"Europe/Tallinn"
"516","TBS","Tbilisi International Airport","Tbilisi","Georgia",41.6692008972,44.95470047,"Asia/Tbilisi"
"517","TCQ","Coronel FAP Carlos Ciriani Santa Rosa International Airport","Tacna","Peru",-18.0533008575,-70.2758026123,"America/Lima"
"518","TDX","Trat Airport","Trat","Thailand",12.274600029,102.319000244,"Asia/Bangkok"
"519","TFN","Tenerife Norte Airport","Tenerife","Spain",28.4827003479,-16.3414993286,"Atlantic/Canary"
"520","TFS","Tenerife South Airport","Tenerife","Spain",28.044500351,-16.5725002289,"Atlantic/Canary"
"521","TGD","Podgorica Airport","Podgorica","Montenegro",42.3594017028809,19.2518997192383,"Europe/Podgorica"
"522","TGZ","Angel Albino Corzo International Airport","Tuxtla Gutierrez","Mexico",16.5636005402,-93.0224990845,"America/Mexico_City"
"523","THN","Trollhättan-Vänersborg Airport","Trollhattan","Sweden",58.3180999755859,12.3450002670288,"Europe/Stockholm"
"524","THR","Mehrabad International Airport","Teheran","Iran",35.6892013549805,51.3134002685547,"Asia/Tehran"
"525","TIA","Tirana International Airport Mother Teresa","Tirana","Albania",41.4146995544,19.7206001282,"Europe/Tirane"
"526","TKN","Tokunoshima Airport","Tokunoshima","Japan",27.8363990783691,128.880996704102,"Asia/Tokyo"
"527","TKS","Tokushima Airport","Tokushima","Japan",34.1328010559,134.606994629,"Asia/Tokyo"
"528","TKU","Turku Airport","Turku","Finland",60.514099121094,22.262800216675,"Europe/Helsinki"
"529","TLL","Lennart Meri Tallinn Airport","Tallinn-ulemiste International","Estonia",59.4132995605,24.8327999115,"Europe/Tallinn"
"530","TLS","Toulouse-Blagnac Airport","Toulouse","France",43.629101,1.36382,"Europe/Paris"
"531","TLV","Ben Gurion International Airport","Tel-aviv","Israel",32.0113983154297,34.8866996765137,"Asia/Jerusalem"
"532","TMP","Tampere-Pirkkala Airport","Tampere","Finland",61.414100646973,23.604400634766,"Europe/Helsinki"
"533","TMW","Tamworth Airport","Tamworth","Australia",-31.0839004517,150.847000122,"Australia/Sydney"
"534","TNG","Ibn Batouta Airport","Tanger","Morocco",35.7268981934,-5.91689014435,"Africa/Casablanca"
"535","TOS","Tromsø Airport","Tromso","Norway",69.6832962036133,18.9188995361328,"Europe/Oslo"
"536","TOY","Toyama Airport","Toyama","Japan",36.6483001708984,137.188003540039,"Asia/Tokyo"
"537","TPA","Tampa International Airport","Tampa","United States",27.9755001068115,-82.533203125,"America/New_York"
"538","TPE","Taiwan Taoyuan International Airport","Taipei","Taiwan",25.0777,121.233002,"Asia/Taipei"
"539","TPP","Cadete FAP Guillermo Del Castillo Paredes Airport","Tarapoto","Peru",-6.50873994827271,-76.3731994628906,"America/Lima"
"540","TRU","Capitan FAP Carlos Martinez De Pinillos International Airport","Trujillo","Peru",-8.08141040802002,-79.1088027954102,"America/Lima"
"541","TRV","Trivandrum International Airport","Trivandrum","India",8.48211956024,76.9200973511,"Asia/Calcutta"
"542","TSE","Astana International Airport","Tselinograd","Kazakhstan",51.0222015380859,71.4669036865234,"Asia/Qyzylorda"
"543","TSN","Tianjin Binhai International Airport","Tianjin","China",39.1244010925,117.346000671,"Asia/Shanghai"
"544","TSV","Townsville Airport","Townsville","Australia",-19.2525005340576,146.764999389648,"Australia/Brisbane"
"545","TUL","Tulsa International Airport","Tulsa","United States",36.1983985900879,-95.8880996704102,"America/Chicago"
"546","TUN","Tunis Carthage International Airport","Tunis","Tunisia",36.851001739502,10.2271995544434,"Africa/Tunis"
"547","TXL","Berlin-Tegel International Airport","Berlin","Germany",52.5597000122,13.2876996994,"Europe/Berlin"
"548","UBJ","Yamaguchi Ube Airport","Yamaguchi","Japan",33.9300003052,131.279006958,"Asia/Tokyo"
"549","UDR","Maharana Pratap Airport","Udaipur","India",24.6177005768,73.8961029053,"Asia/Calcutta"
"550","UEO","Kumejima Airport","Kumejima","Japan",26.3635005950928,126.713996887207,"Asia/Tokyo"
"551","UFA","Ufa International Airport","Ufa","Russia",54.557498931885,55.874401092529,"Asia/Yekaterinburg"
"552","UGC","Urgench Airport","Urgench","Uzbekistan",41.584300994873,60.6417007446289,"Asia/Samarkand"
"553","UIO","Mariscal Sucre International Airport","Quito","Ecuador",-0.129166666667,-78.3575,"America/Guayaquil"
"554","UKK","Ust-Kamennogorsk Airport","Ust Kamenogorsk","Kazakhstan",50.0365982055664,82.4942016601562,"Asia/Qyzylorda"
"555","UME","Umeå Airport","Umea","Sweden",63.791801452637,20.282800674438,"Europe/Stockholm"
"556","URC","Ürümqi Diwopu International Airport","Urumqi","China",43.9071006774902,87.4741973876953,"Asia/Shanghai"
"557","USH","Malvinas Argentinas Airport","Ushuaia","Argentina",-54.8433,-68.2958,"America/Argentina/Ushuaia"
"558","USM","Samui Airport","Ko Samui","Thailand",9.54778957367,100.06199646,"Asia/Bangkok"
"559","UTH","Udon Thani Airport","Udon Thani","Thailand",17.3864002228,102.788002014,"Asia/Bangkok"
"560","UVF","Hewanorra International Airport","Hewandorra","Saint Lucia",13.7332,-60.952599,"America/St_Lucia"
"561","VAA","Vaasa Airport","Vaasa","Finland",63.050701141357,21.762199401855,"Europe/Helsinki"
"562","VAR","Varna Airport","Varna","Bulgaria",43.232101,27.8251,"Europe/Sofia"
"563","VBY","Visby Airport","Visby","Sweden",57.662799835205,18.346200942993,"Europe/Stockholm"
"564","VCE","Venice Marco Polo Airport","Venice","Italy",45.505299,12.3519,"Europe/Rome"
"565","VDA","Ovda International Airport","Ovda","Israel",29.940299987793,34.9357986450195,"Asia/Jerusalem"
"566","VER","General Heriberto Jara International Airport","Vera Cruz","Mexico",19.1459007263,-96.1873016357,"America/Mexico_City"
"567","VFA","Victoria Falls International Airport","Victoria Falls","Zimbabwe",-18.0958995819092,25.8390007019043,"Africa/Harare"
"568","VGO","Vigo Airport","Vigo","Spain",42.2318000793457,-8.62677001953125,"Europe/Madrid"
"569","VIE","Vienna International Airport","Vienna","Austria",48.110298156738,16.569700241089,"Europe/Vienna"
"570","VLC","Valencia Airport","Valencia","Spain",39.4892997741699,-0.481624990701675,"Europe/Madrid"
"571","VLI","Bauerfield International Airport","Port-vila","Vanuatu",-17.699300765991,168.32000732422,"Pacific/Efate"
"572","VNO","Vilnius International Airport","Vilnius","Lithuania",54.6341018676758,25.2858009338379,"Europe/Vilnius"
"573","VNS","Lal Bahadur Shastri Airport","Varanasi","India",25.4524002075,82.8592987061,"Asia/Calcutta"
"574","VRN","Verona Villafranca Airport","Villafranca","Italy",45.395699,10.8885,"Europe/Rome"
"575","VST","Stockholm Västerås Airport","Vasteras","Sweden",59.5894012451172,16.6336002349854,"Europe/Stockholm"
"576","VTE","Wattay International Airport","Vientiane","Laos",17.9883003235,102.56300354,"Asia/Vientiane"
"577","VXO","Växjö Kronoberg Airport","Vaxjo","Sweden",56.9291000366211,14.7279996871948,"Europe/Stockholm"
"578","WAW","Warsaw Chopin Airport","Warsaw","Poland",52.1656990051,20.9671001434,"Europe/Warsaw"
"579","WDH","Hosea Kutako International Airport","Windhoek","Namibia",-22.4799,17.4709,"Africa/Windhoek"
"580","WGA","Wagga Wagga City Airport","Wagga Wagga","Australia",-35.1652984619,147.466003418,"Australia/Sydney"
"581","WLG","Wellington International Airport","Wellington","New Zealand",-41.3272018433,174.804992676,"Pacific/Auckland"
"582","WUH","Wuhan Tianhe International Airport","Wuhan","China",30.7838001251221,114.208000183105,"Asia/Shanghai"
"583","XIY","Xi'an Xianyang International Airport","Xi'an","China",34.4471015930176,108.751998901367,"Asia/Shanghai"
"584","XMN","Xiamen Gaoqi International Airport","Xiamen","China",24.5440006256104,118.127998352051,"Asia/Shanghai"
"585","XRY","Jerez Airport","Jerez","Spain",36.7445983886719,-6.06011009216309,"Europe/Madrid"
"586","YEG","Edmonton International Airport","Edmonton","Canada",53.3097000122,-113.580001831,"America/Edmonton"
"587","YHZ","Halifax / Stanfield International Airport","Halifax","Canada",44.8807983398,-63.5085983276,"America/Halifax"
"588","YOW","Ottawa Macdonald-Cartier International Airport","Ottawa","Canada",45.3224983215332,-75.6691970825195,"America/Toronto"
"589","YUL","Montreal / Pierre Elliott Trudeau International Airport","Montreal","Canada",45.4706001282,-73.7407989502,"America/Toronto"
"590","YVR","Vancouver International Airport","Vancouver","Canada",49.193901062,-123.183998108,"America/Vancouver"
"591","YYC","Calgary International Airport","Calgary","Canada",51.113899231,-114.019996643,"America/Edmonton"
"592","YYZ","Lester B. Pearson International Airport","Toronto","Canada",43.6772003174,-79.6305999756,"America/Toronto"
"593","ZAG","Zagreb Airport","Zagreb","Croatia",45.7429008484,16.0687999725,"Europe/Zagreb"
"594","ZAL","Pichoy Airport","Valdivia","Chile",-39.6500015259,-73.0860977173,"America/Santiago"
"595","ZCL","General Leobardo C. Ruiz International Airport","Zacatecas","Mexico",22.8971004486,-102.68699646,"America/Mexico_City"
"596","ZCO","Maquehue Airport","Temuco","Chile",-38.766799926758,-72.637100219727,"America/Santiago"
"597","ZNE","Newman Airport","Newman","Australia",-23.4178009033,119.803001404,"Australia/Perth"
"598","ZOS","Cañal Bajo Carlos - Hott Siebert Airport","Osorno","Chile",-40.611198425293,-73.0609970092773,"America/Santiago"
"599","ZQN","Queenstown International Airport","Queenstown International","New Zealand",-45.0210990906,168.738998413,"Pacific/Auckland"
"600","ZRH","Zürich Airport","Zurich","Switzerland",47.464698791504,8.5491695404053,"Europe/Zurich"
"601","ZTH","Dionysios Solomos Airport","Zakynthos","Greece",37.7509002685547,20.8843002319336,"Europe/Athens"
"602","ZVK","Savannakhet Airport","Savannakhet","Laos",16.5566005706787,104.76000213623,"Asia/Vientiane"
